----------------------------------------------------------------------------------------------------------------------------------------------------------------------------------------------------------------
	UC7-Ability to find sum, average, min, max and number of male and female
----------------------------------------------------------------------------------------------------------------------------------------------------------------------------------------------------------------
employees
mysql> select sum(salary) from employee_payroll where gender='m' group by gender;
+-------------+
| sum(salary) |
+-------------+
|       60000 |
+-------------+
1 row in set (0.01 sec)

mysql> select avg(salary) from employee_payroll where gender='m' group by gender;
+-------------+
| avg(salary) |
+-------------+
|       20000 |
+-------------+
1 row in set (0.00 sec)

mysql> select min(salary) from employee_payroll where gender='m' group by gender;
+-------------+
| min(salary) |
+-------------+
|       10000 |
+-------------+
1 row in set (0.01 sec)

mysql> select max(salary) from employee_payroll where gender='m' group by gender;
+-------------+
| max(salary) |
+-------------+
|       30000 |
+-------------+
1 row in set (0.00 sec)

----------------------------------------------------------------------------------------------------------------------------------------------------------------------------------------------------------------
                          UC8-Ability to extend employee_payroll data to store employee information like employee phone, address and department 
-----------------------------------------------------------------------------------------------------------------------------------------------------------------------------------------------------------------

mysql> ALTER TABLE employee_payroll ADD (phone_no INT,Address VARCHAR(255) DEFAULT 'MUMBAI', Department VARCHAR(255) NOT NULL );
Query OK, 0 rows affected (1.24 sec)
Records: 0  Duplicates: 0  Warnings: 0

mysql> select*from employee_payroll;
+----+-------+--------+--------+------------+----------+---------+------------+
| id | name  | gender | salary | start      | phone_no | Address | Department |
+----+-------+--------+--------+------------+----------+---------+------------+
|  1 | Anwar | m      |  10000 | 1998-12-03 |     NULL | MUMBAI  |            |
|  2 | Raj   | m      |  20000 | 1999-11-04 |     NULL | MUMBAI  |            |
|  3 | Laksh | m      |  30000 | 2000-10-05 |     NULL | MUMBAI  |            |
+----+-------+--------+--------+------------+----------+---------+------------+
3 rows in set (0.00 sec)

----------------------------------------------------------------------------------------------------------------------------------------------------------------------------------------------------------------
	UC9-Ability to extend employee_payroll table to have Basic Pay, Deductions, Taxable Pay,Income Tax, Net Pay.
----------------------------------------------------------------------------------------------------------------------------------------------------------------------------------------------------------------
mysql> ALTER TABLE employee_payroll ADD (Basic_pay INT,Deductions INT,Taxable_pay INT, Income_tax INT, Net_pay INT);
Query OK, 0 rows affected (0.58 sec)
Records: 0  Duplicates: 0  Warnings: 0

mysql>  select * from employee_payroll;
+----+-------+--------+--------+------------+----------+---------+------------+-----------+------------+-------------+------------+---------+
| id | name  | gender | salary | start      | phone_no | Address | Department | Basic_pay | Deductions | Taxable_pay | Income_tax | Net_pay |
+----+-------+--------+--------+------------+----------+---------+------------+-----------+------------+-------------+------------+---------+
|  1 | Anwar | m      |  10000 | 1998-12-03 |     NULL | MUMBAI  |            |      NULL |       NULL |        NULL |       NULL |    NULL |
|  2 | Raj   | m      |  20000 | 1999-11-04 |     NULL | MUMBAI  |            |      NULL |       NULL |        NULL |       NULL |    NULL |
|  3 | Laksh | m      |  30000 | 2000-10-05 |     NULL | MUMBAI  |            |      NULL |       NULL |        NULL |       NULL |    NULL |
+----+-------+--------+--------+------------+----------+---------+------------+-----------+------------+-------------+------------+---------+
3 rows in set (0.00 sec)

-----------------------------------------------------------------------------------------------------------------------------------------------------------------------------------------------------------------
	UC10-Ability to make Anwar as part of Sales and Marketing Department
-----------------------------------------------------------------------------------------------------------------------------------------------------------------------------------------------------------------
mysql> INSERT INTO employee_payroll
    -> (name, gender, salary, start, phone_no, Address, Department, Basic_pay, Deductions, Taxable_pay, Income_tax, Net_pay)
    -> VALUES
    -> ('Anwar', 'm', 80000, '2016-11-23', 1243564326, 'Mumbai', 'Sales', 50000, 400000, 30000, 60000, 70000);
Query OK, 1 row affected (0.10 sec)

mysql> select*from employee_payroll where name= 'Anwar';
+----+-------+--------+--------+------------+------------+---------+------------+-----------+------------+-------------+------------+---------+
| id | name  | gender | salary | start      | phone_no   | Address | Department | Basic_pay | Deductions | Taxable_pay | Income_tax | Net_pay |
+----+-------+--------+--------+------------+------------+---------+------------+-----------+------------+-------------+------------+---------+
|  1 | Anwar | m      |  10000 | 1998-12-03 |       NULL | MUMBAI  | Marketing  |      NULL |       NULL |        NULL |       NULL |    NULL |
|  4 | Anwar | m      |  80000 | 2016-11-23 | 1243564326 | Mumbai  | Sales      |     50000 |     400000 |       30000 |      60000 |   70000 |
+----+-------+--------+--------+------------+------------+---------+------------+-----------+------------+-------------+------------+---------+
2 rows in set (0.03 sec)